{"cameraMode":{"drawMode":0,"name":"Shaded","section":"Shading Mode"},"sceneLighting":false,"audioPlay":false,"sceneViewState":{"showFog":true,"showMaterialUpdate":false,"showSkybox":true,"showFlares":true,"showImageEffects":true,"showParticleSystems":true},"in2DMode":false,"pivot":{"x":-0.15009234845638276,"y":0.44550836086273196,"z":0.20809602737426759},"rotation":{"x":0.2125006914138794,"y":0.05683912709355354,"z":-0.01238381676375866,"w":0.9754393696784973},"size":0.8140823245048523,"orthographic":false}