{"cameraMode":{"drawMode":0,"name":"Shaded","section":"Shading Mode"},"sceneLighting":false,"audioPlay":false,"sceneViewState":{"showFog":true,"showMaterialUpdate":false,"showSkybox":false,"showFlares":true,"showImageEffects":true,"showParticleSystems":true},"in2DMode":false,"pivot":{"x":0.0009999996982514859,"y":0.0340999998152256,"z":0.0},"rotation":{"x":-0.2360268086194992,"y":0.40352123975753786,"z":-0.10855957120656967,"w":-0.877316415309906},"size":0.02126103639602661,"orthographic":false}