{"cameraMode":{"drawMode":0,"name":"Shaded","section":"Shading Mode"},"sceneLighting":true,"audioPlay":false,"sceneViewState":{"showFog":true,"showMaterialUpdate":false,"showSkybox":true,"showFlares":true,"showImageEffects":true,"showParticleSystems":true},"in2DMode":false,"pivot":{"x":-0.000469207763671875,"y":0.1225128173828125,"z":0.00189208984375},"rotation":{"x":0.049053218215703967,"y":0.1308598518371582,"z":-0.006482974160462618,"w":0.9901665449142456},"size":0.05317062512040138,"orthographic":true}